"","create_date","version_id","user_id","manuscript_id","manuscript_DOI","actionability","concreteness_confidence","discovery_value","expertise"
"1","11/4/2016 23:32",1,48,1,"10.1152/jn.01366.2006",3.06,1.21,4.33,5
"2","11/5/2016 17:15",1,111,2,"10.1016/j.neuron.2015.08.026",3.86,4.28,3.79,5
"3","11/5/2016 17:16",1,111,2,"10.1016/j.neuron.2015.08.026",3.86,4.28,3.79,5
"4","11/7/2016 1:45",1,48,3,"10.1038/mp.2011.31",2.45,1.21,3.43,4.32
"5","11/7/2016 2:08",1,48,3,"10.1038/mp.2011.31",2.06,3.85,3.36,4.32
"6","11/7/2016 2:14",1,48,4,"10.1016/j.conb.2015.02.004",2.7,2.72,2.83,4.86
"7","11/7/2016 2:17",1,88,5,"10.1038/nature16492",3.89,2.53,3.07,2.93
"8","11/9/2016 19:36",1,26,6,"10.1007/s00406-016-0725-2",3.28,2.59,2.52,2.57
"9","11/11/2016 0:26",1,48,8,"10.1016/j.neuron.2015.03.040",2.6,4.49,3.15,3.7
"10","11/11/2016 1:08",1,48,8,"10.1016/j.neuron.2015.03.040",5,2.97,3.2,2.82
"11","11/15/2016 10:10",1,73,9,"10.1038/nature13724",3.36,3.06,2.55,4.08
"12","11/15/2016 22:45",1,48,10,"10.1016/j.neuron.2015.07.019",2.99,3.15,2.93,2.99
"13","11/16/2016 20:19",1,43,11,"10.1073/pnas.1508055112",4.47,4.12,4.47,3.91
"14","11/16/2016 20:20",1,43,12,"10.1242/jeb.145383",5,4.02,5,5
"15","11/16/2016 20:35",1,34,13,"10.1016/j.biopsych.2010.05.024",2.68,2.64,2.66,1.45
"16","11/16/2016 21:11",1,76,14,"10.1080/08820139.2016.1226897",1.02,1.49,1.73,0.69
"17","11/16/2016 21:12",1,59,15,"10.1073/pnas.1211547109",3.03,3.65,3.72,3.3
"18","11/16/2016 21:13",1,76,14,"10.1080/08820139.2016.1226897",0,1.12,0.29,0.34
"19","11/16/2016 21:15",1,138,16,"10.1038/nn.4030",3.67,3.8,3.88,1.56
"20","11/16/2016 21:17",1,59,17,"10.3389/fncir.2014.00104",1.64,3.93,1.7,3.25
"21","11/16/2016 21:19",1,118,18,"10.1093/jnen/59.7.561",3.31,3.29,3.8,1.8
"22","11/16/2016 21:20",1,153,19,"10.1155/2013/627325",3.56,4.4,3.52,0.84
"23","11/16/2016 21:21",1,17,20,"10.1021/acs.nanolett.6b01988",3.8,1.79,2.97,2.29
"24","11/16/2016 21:26",1,164,21,"10.1038/nn.4386",1.255,0.835,1.535,0.99
"25","11/16/2016 21:27",1,164,21,"10.1038/nn.4386",2.51,1.67,3.07,1.98
"26","11/18/2016 22:48",1,37,1,"10.1152/jn.01366.2006",3.22,1.13,4.19,2.84
"27","11/19/2016 7:46",1,76,22,"10.1161/01.res.75.3.528",3.48,3.71,3.85,1.45
"28","11/19/2016 17:01",1,26,23,"10.15252/emmm.201606271",3.22,3.73,4.22,2.56
"29","11/19/2016 17:55",1,26,24,"10.1038/srep32422",3.52,2.56,3.63,1.44
"30","11/20/2016 15:16",1,26,25,"10.3389/fncir.2016.00083",1.93,3.14,1.5,2.09
"31","11/21/2016 3:47",1,164,23,"10.15252/emmm.201606271",3.04,3.57,3.26,1.75
"32","11/21/2016 3:47",1,164,25,"10.3389/fncir.2016.00083",3.35,3.93,2.67,2.96
"33","11/21/2016 3:48",1,164,24,"10.1038/srep32422",3.7,2.46,3.83,2.65
"34","11/21/2016 4:08",1,15,25,"10.3389/fncir.2016.00083",2.89,2.6,3.14,0
"35","11/21/2016 4:29",1,94,25,"10.3389/fncir.2016.00083",2.69,3.83,3.03,1.46
"36","11/21/2016 5:04",1,94,23,"10.15252/emmm.201606271",3.41,3.14,3.51,0.81
"37","11/21/2016 5:21",1,94,24,"10.1038/srep32422",2.88,2.16,3.55,3.1
"38","11/21/2016 14:32",1,15,23,"10.15252/emmm.201606271",3.34,4.3,4.05,0
"39","11/21/2016 15:08",1,15,24,"10.1038/srep32422",3.46,2.65,3.58,0
"40","11/21/2016 20:10",1,76,23,"10.15252/emmm.201606271",2.7,2.19,3.03,0
"41","11/21/2016 20:12",1,76,25,"10.3389/fncir.2016.00083",2.14,3.28,1.1,0
"42","11/21/2016 20:12",1,76,24,"10.1038/srep32422",2.68,3.81,3.73,0
"43","11/21/2016 20:12",1,59,23,"10.15252/emmm.201606271",2.97,3.29,3.91,1.62
"44","11/21/2016 20:13",1,59,25,"10.3389/fncir.2016.00083",3,3,3.22,1.83
"45","11/21/2016 20:14",1,59,24,"10.1038/srep32422",3.16,3.41,1.51,1.7
"46","11/21/2016 20:16",1,118,24,"10.1038/srep32422",3.44,4.35,4.03,0.82
"47","11/21/2016 20:17",1,118,25,"10.3389/fncir.2016.00083",3.05,4.62,4.03,1.08
"48","11/21/2016 20:17",1,60,24,"10.1038/srep32422",2.99,2.87,2.97,2.81
"49","11/21/2016 20:18",1,118,23,"10.15252/emmm.201606271",3.08,3.63,4.64,3.52
"50","11/23/2016 8:16",1,72,26,"10.1016/j.neuron.2016.06.034",3.73,4.21,3.19,4.01
"51","11/23/2016 8:33",1,72,26,"10.1016/j.neuron.2016.06.034",3.73,4.87,3.41,4.01
"52","11/26/2016 5:24",1,72,27,"10.1088/0967-3334/26/2/011",2.6,4.5,2.71,4.38
"53","11/26/2016 8:30",1,72,28,"10.1049/el:20083426",2.76,2.91,4.14,4.39
"54","11/26/2016 20:09",1,26,29,"10.1523/jneurosci.3081-14.2015",3.31,3.12,3.2,2.42
"55","11/26/2016 20:18",1,121,30,"10.1038/ncomms5486",4.27,3.4,3.77,1.23
"56","11/26/2016 20:20",1,121,23,"10.15252/emmm.201606271",4.03,3.67,4.22,0.42
"57","11/26/2016 20:22",1,121,25,"10.3389/fncir.2016.00083",2.89,3.24,2.88,1.18
"58","11/26/2016 20:23",1,121,24,"10.1038/srep32422",3.03,2.81,3.57,0.57
"59","11/26/2016 21:32",1,121,31,"10.1126/science.aaf1288",4.88,3.95,4.96,1.32
"60","11/27/2016 4:12",1,121,29,"10.1523/jneurosci.3081-14.2015",3.12,3.16,4.07,0.42
"61","11/27/2016 16:42",1,138,29,"10.1523/jneurosci.3081-14.2015",3.68,4.32,1,2.74
"62","11/27/2016 16:44",1,138,30,"10.1038/ncomms5486",1.55,4.02,3,3.44
"63","11/27/2016 17:00",1,138,31,"10.1126/science.aaf1288",4.06,3.77,4.47,2.27
"64","11/27/2016 21:22",1,17,32,"10.1007/978-1-4757-9800-5_69",2.82,3,3.13,1.07
"65","11/27/2016 21:26",1,17,33,"10.1523/jneurosci.0518-16.2016",3.23,3.1,2.98,1.37
"66","11/27/2016 21:27",1,17,34,"10.1523/jneurosci.1041-16.2016",3.39,3.22,3.34,2.26
"67","11/27/2016 21:29",1,17,34,"10.1523/jneurosci.1041-16.2016",3.39,3.22,3.34,2.26
"68","11/27/2016 21:30",1,17,35,"10.1038/nature08002",3.54,3.55,3.55,2.28
"69","11/27/2016 21:31",1,17,36,"10.1016/j.cell.2015.11.038",3.39,3.56,3.42,1.96
"70","11/27/2016 21:32",1,17,37,"10.1038/nature04258",3.65,3.73,3.76,1.76
"71","11/27/2016 21:35",1,17,38,"10.1073/pnas.1517629112",3.66,3.6,3.76,2.43
"72","11/27/2016 21:37",1,17,39,"10.1016/j.neuron.2016.01.001",2.91,3.54,3.83,2.24
"73","11/27/2016 21:38",1,17,40,"10.1523/jneurosci.2969-10.2010",3.19,3.26,3.21,2.24
"74","11/27/2016 21:39",1,17,8,"10.1016/j.neuron.2015.03.040",3.43,3.31,3.63,2.22
"75","11/27/2016 21:41",1,17,41,"10.1038/srep32775",2.83,3,3.08,2.22
"76","11/27/2016 21:43",1,17,42,"10.1371/journal.pbio.1002263",3.49,3.59,3.48,2.37
"77","11/27/2016 21:44",1,17,6,"10.1007/s00406-016-0725-2",3.33,2.72,3.74,2.32
"78","11/27/2016 21:46",1,17,43,"10.1016/j.neuron.2013.09.014",2.74,3.21,3.83,2.35
"79","11/27/2016 21:47",1,17,44,"10.1002/dneu.22351",3.1,3.08,3.08,2.05
"80","11/27/2016 21:48",1,17,45,"10.1073/pnas.1523717113",3.77,3.38,3.8,2.12
"81","11/27/2016 21:50",1,17,46,"10.1098/rstb.2015.0428",1.79,4.21,1.75,2.09
"82","11/27/2016 21:51",1,17,23,"10.15252/emmm.201606271",4.06,2.87,4.17,2.88
"83","11/27/2016 21:54",1,17,25,"10.3389/fncir.2016.00083",2.05,4.11,2.14,2
"84","11/27/2016 21:55",1,17,24,"10.1038/srep32422",3.94,3.06,4.06,1.97
"85","11/27/2016 22:23",1,15,30,"10.1038/ncomms5486",3.15,3.96,3.29,0
"86","11/27/2016 23:27",1,15,31,"10.1126/science.aaf1288",3.17,3.87,4.42,0
"87","11/28/2016 2:49",1,17,31,"10.1126/science.aaf1288",2.66,3.8,2.58,1.97
"88","11/28/2016 3:16",1,15,29,"10.1523/jneurosci.3081-14.2015",2.9,4.38,3.87,0
"89","11/28/2016 3:26",1,17,29,"10.1523/jneurosci.3081-14.2015",3.81,3.8,4.17,2.85
"90","11/28/2016 3:47",1,94,31,"10.1126/science.aaf1288",2.67,3.27,2.68,1.58
"91","11/28/2016 3:48",1,94,29,"10.1523/jneurosci.3081-14.2015",3.11,1.97,2.89,1.2
"92","11/28/2016 4:55",1,94,30,"10.1038/ncomms5486",2.84,1.89,2.9,2.99
"93","11/28/2016 5:21",1,17,30,"10.1038/ncomms5486",3.02,3.84,4.05,2.52
"94","11/28/2016 6:18",1,72,47,"10.1109/tbcas.2015.2456242",2.48,2.49,3.08,3.61
"95","11/28/2016 20:06",1,148,30,"10.1038/ncomms5486",4.22,3.56,3.88,0.72
"96","11/28/2016 20:08",1,148,29,"10.1523/jneurosci.3081-14.2015",4.1,3.8,4.45,0.89
"97","11/28/2016 20:11",1,148,31,"10.1126/science.aaf1288",4.5,3.41,3.5,3.55
"98","11/28/2016 20:12",1,140,29,"10.1523/jneurosci.3081-14.2015",3.67,1.72,2.54,0
"99","11/28/2016 20:13",1,140,30,"10.1038/ncomms5486",3.31,4.09,3.76,0.71
"100","11/28/2016 20:13",1,140,31,"10.1126/science.aaf1288",4.63,2.01,3.96,0.6
"101","12/2/2016 3:35",1,119,48,"10.1523/jneurosci.3235-13.2014",1.28,0.61,2.24,4.66
"102","12/4/2016 19:24",1,121,49,"10.1016/j.bbadis.2015.10.014",0.82,1.47,2.97,1.23
"103","12/4/2016 19:26",1,121,50,"10.1126/science.aad4821",3.99,3.44,3.91,1
"104","12/4/2016 20:33",1,121,51,"10.1126/science.1241224",3.94,2.46,4.35,1.23
"105","12/5/2016 0:44",1,138,49,"10.1016/j.bbadis.2015.10.014",4.56,3.72,3.75,2.71
"106","12/5/2016 1:47",1,138,49,"10.1016/j.bbadis.2015.10.014",3.86,3.48,4.43,2.75
"107","12/5/2016 21:03",1,26,51,"10.1126/science.1241224",3.05,2.74,3.52,2.84
"108","12/6/2016 3:50",1,15,50,"10.1126/science.aad4821",4.04,4.79,4.37,0
"109","12/6/2016 4:40",1,15,49,"10.1016/j.bbadis.2015.10.014",3.84,2.99,3.69,0
"110","12/6/2016 16:07",1,15,51,"10.1126/science.1241224",3.51,4.17,3.78,0
"111","12/7/2016 20:33",1,122,46,"10.1098/rstb.2015.0428",2.73,2.65,2.74,2.18
"112","12/7/2016 20:34",1,122,46,"10.1098/rstb.2015.0428",2.19,2.36,2.74,2.18
"113","12/7/2016 20:35",1,122,45,"10.1073/pnas.1523717113",1.79,1.8,2.7,2.21
"114","12/7/2016 20:36",1,122,44,"10.1002/dneu.22351",2.78,3.3,3.06,1.83
"115","12/7/2016 20:39",1,122,23,"10.15252/emmm.201606271",2.73,3.38,2.65,3.29
"116","12/7/2016 20:41",1,122,25,"10.3389/fncir.2016.00083",2.28,2.95,2.26,2.06
"117","12/7/2016 20:43",1,122,24,"10.1038/srep32422",3.96,3.76,3.75,3.21
"118","12/7/2016 20:44",1,122,30,"10.1038/ncomms5486",3.51,3.65,3.38,3
"119","12/7/2016 20:45",1,122,29,"10.1523/jneurosci.3081-14.2015",3.84,4.76,3.78,3.74
"120","12/7/2016 20:52",1,122,50,"10.1126/science.aad4821",3.75,3.44,4.18,2.13
"121","12/11/2016 18:53",1,48,52,"10.1016/j.neuron.2010.08.007",3.6,0.11,4.26,4.38
"122","12/12/2016 5:23",1,48,53,"10.3389/fncir.2013.00115",2.56,2.54,3.11,2.59
"123","12/12/2016 15:22",1,48,54,"10.3389/fnsys.2015.00185",3.13,1.85,3.81,5
"124","12/12/2016 20:56",1,48,53,"10.3389/fncir.2013.00115",3.14,2.83,2.98,3.02
"125","12/13/2016 19:48",1,99,55,"10.1523/jneurosci.2673-16.2016",1.59,3.56,3.28,0.15
"126","12/13/2016 19:50",1,99,56,"10.1038/nm.4221",2.94,1.32,1.33,1.12
"127","12/13/2016 21:45",1,99,56,"10.1038/nm.4221",3.43,0.37,1.27,4.34
"128","12/13/2016 22:27",1,48,57,"10.1038/srep34931",4.11,1.24,2.63,5
"129","12/13/2016 23:02",1,99,58,"10.1016/j.neuron.2016.02.028",4.47,5,4.69,3.92
"130","12/14/2016 18:57",1,72,59,"10.1038/nnano.2014.32",2.56,3.84,4.18,3.13
"131","12/14/2016 18:58",1,72,60,"10.1021/acsnano.6b03364",2.59,3.87,4.53,3.09
"132","12/14/2016 20:10",1,48,61,"10.1038/nature12024",4.9,2.31,3.8,3.33
"133","12/14/2016 22:18",1,48,62,"10.1021/acschembio.5b00351",4.02,0.94,3.66,5
"134","12/14/2016 22:33",1,108,63,"10.1080/15548627.2016.1257467",4.06,2.55,5,4.35
"135","12/14/2016 22:38",1,108,64,"10.1016/j.cell.2016.08.027",4.06,3.92,4.09,4.56
"136","12/15/2016 14:40",1,165,65,"10.1016/j.neuron.2016.10.020",0,2.54,0.75,4.76
"137","12/15/2016 14:41",1,137,66,"10.1038/nn.2739",4.91,4.93,4.89,3.78
"138","12/15/2016 14:42",1,33,66,"10.1038/nn.2739",4.01,4.45,3.95,4.32
"139","12/15/2016 14:42",1,165,67,"10.1038/nature12112",3.69,2,4.53,5
"140","12/15/2016 14:43",1,48,66,"10.1038/nn.2739",3.99,4.87,4.04,4.75
"141","12/15/2016 14:43",1,165,68,"10.1038/nature11587",3.17,4.1,5,3.97
"142","12/15/2016 14:43",1,137,66,"10.1038/nn.2739",4.91,4.93,4.89,3.78
"143","12/15/2016 14:44",1,165,69,"10.1002/hipo.20472",1.56,5,1.44,4.37
"144","12/15/2016 14:45",1,165,70,"10.1038/nature14396",2.65,2.91,3.35,4.33
"145","12/15/2016 14:47",1,165,71,"10.1038/nature14151",2.01,3.21,4.01,4.26
"146","12/15/2016 14:47",1,165,72,"10.1073/pnas.1421056111",1.38,4.21,1.02,4.91
"147","12/15/2016 14:49",1,165,73,"10.1038/nn.3311",4.32,4.51,5,4.64
"148","12/15/2016 14:50",1,165,74,"10.1038/nature12160",4.6,1.71,3.49,3.4
"149","12/15/2016 14:51",1,165,75,"10.1038/nn.4287",2.31,3.17,3.02,4.63
"150","12/15/2016 14:53",1,165,76,"10.1038/nn.3413",3.21,2.86,4.14,4.4
"151","12/15/2016 14:54",1,165,77,"10.1016/j.neuron.2016.04.037",0.63,2.51,0,4.2
"152","12/15/2016 14:57",1,165,78,"10.1016/j.neuron.2016.08.019",2.56,3.14,3.36,3.34
"153","12/15/2016 14:58",1,165,79,"10.1016/j.neuron.2013.11.005",4.53,2.8,4.51,4.71
"154","12/15/2016 15:08",1,4,80,"10.1016/j.neuint.2011.04.002",2.31,2.99,2.42,2.25
"155","12/15/2016 15:57",1,22,81,"10.7554/elife.11299",2.96,2.93,2.61,1.9
"156","12/15/2016 16:01",1,78,82,"10.1210/en.2014-1986",3.73,3.91,3.84,1.55
"157","12/15/2016 16:13",1,162,83,"10.1038/srep31215",4.52,1.62,5,3.49
"158","12/15/2016 16:14",1,162,83,"10.1038/srep31215",4.52,1.62,5,3.49
"159","12/15/2016 16:16",1,165,84,"10.1073/pnas.1306031110",3.63,0,4.48,4.94
"160","12/15/2016 16:16",1,165,85,"10.1038/nature09633",4.09,0,4.82,5
"161","12/15/2016 16:18",1,154,86,"10.1016/j.neuron.2013.06.033",3.56,1.12,3.65,3.89
"162","12/15/2016 16:18",1,165,87,"10.7554/elife.06063",4.12,2.34,5,5
"163","12/15/2016 16:19",1,165,88,"10.1038/nn.4291",2.99,0.97,3.56,4.25
"164","12/15/2016 16:21",1,165,89,"10.1016/j.cub.2014.11.001",3.17,3.66,3.59,3.51
"165","12/15/2016 16:23",1,165,90,"10.1126/science.aaf0941",4.46,1.98,5,4.02
"166","12/15/2016 16:23",1,165,91,"10.1016/j.neuron.2016.02.014",2.92,3.09,3.71,2.79
"167","12/15/2016 16:25",1,165,92,"10.1038/nn.3515",3.95,3.66,3.89,4.28
"168","12/15/2016 16:25",1,165,93,"10.1016/j.neuron.2016.02.031",3.25,1.09,4.61,2.73
"169","12/15/2016 16:27",1,77,94,"10.1038/srep36010",4.51,0.62,1,2.675
"170","12/15/2016 16:27",1,112,95,"10.1038/npp.2016.269",3.79,1.62,3.79,4.03
"171","12/15/2016 16:34",1,108,96,"10.1126/science.1260384",3.56,5,3.5,3.17
"172","12/15/2016 16:48",1,70,97,"10.1142/s0219635215500235",4.63,1.2,1.85,5
"173","12/15/2016 16:51",1,38,98,"10.1038/nmeth.3415",0.98,4.15,3.03,1.65
"174","12/15/2016 18:15",1,41,99,"10.1007/978-1-60327-369-5_2",3.14,2.6,4.13,1.1
"175","12/15/2016 19:20",1,9,100,"10.1002/wrna.1386",2.63,2.4,2.64,2.59
"176","12/16/2016 16:05",1,89,101,"10.1038/ncomms8062",1.9,0.6,3.03,5
"177","12/17/2016 19:11",1,159,102,"10.1111/bph.13434",0.94,4.93,2.5,1.205
"178","12/19/2016 17:23",1,10,103,"10.1016/j.cell.2016.09.025",2.96,3.38,4.09,4.28
"179","12/19/2016 17:24",1,10,104,"10.1038/ng.3694",2.97,3.11,2.49,5
"180","12/19/2016 17:25",1,10,105,"10.1016/j.molcel.2016.10.025",3.23,4.06,3.77,2.73
"181","12/19/2016 17:25",1,10,106,"10.1038/srep35815",2.74,2.79,3.37,4.54
"182","12/19/2016 17:26",1,10,107,"10.1158/1078-0432.ccr-14-1566",3.08,2.53,3.72,5
"183","12/19/2016 21:02",1,10,108,"10.1371/journal.pone.0151845",2.92,3.98,2.91,2.88
"184","12/19/2016 21:44",1,136,109,"10.1016/j.concog.2015.05.001",2.95,1.82,2.49,2.9
"185","12/19/2016 21:46",1,136,110,"10.1016/j.beproc.2014.09.034",1.81,2.16,1.11,2.58
"186","12/19/2016 23:32",1,81,111,"10.1038/nn.4239",3.69,0.94,3.71,5
"187","12/19/2016 23:33",1,81,111,"10.1038/nn.4239",3.69,1.49,3.71,5
"188","12/22/2016 14:18",1,165,112,"10.1038/nn.4457",2.08,0.84,2.15,4.61
"189","12/22/2016 14:18",1,165,113,"10.7554/elife.20349",0,0.59,2.13,4.86
"190","12/22/2016 14:19",1,165,114,"10.1038/nature20587",3.82,0.31,5,2.98
"191","12/22/2016 14:20",1,165,115,"10.1073/pnas.1606604114",2.78,2.72,3.4,3.43
"192","12/22/2016 14:21",1,165,116,"10.1002/hipo.22688",3.2,4.24,2.97,4.04
"193","12/22/2016 14:22",1,165,117,"10.1038/ncomms13697",1.12,0.43,2.53,2.85
"194","12/23/2016 2:22",1,48,118,"10.1016/j.neuron.2007.12.024",0.37,3.13,3.03,5
"195","12/27/2016 1:00",1,99,119,"10.1242/dev.143131",4.04,4.29,3.43,3.48
"196","12/30/2016 15:38",1,10,120,"10.1126/scitranslmed.aag1298",3,2.8,3.43,1.95
"197","12/30/2016 16:03",1,10,121,"10.1126/science.aah5234",2.55,2.13,3.73,0.9
"198","12/30/2016 22:38",1,48,122,"10.1073/pnas.1013470107",1.27,3.82,3.21,4.15
"199","1/4/2017 22:24",1,48,123,"10.1016/j.brainres.2013.03.011",4.12,3.44,2.25,5
"200","1/6/2017 18:53",1,165,124,"10.1016/j.cub.2016.11.027",3.87,4.77,4.04,3.97
"201","1/11/2017 0:50",1,72,125,"10.1109/tbme.2016.2605451",2.25,4.73,2.75,3.73
"202","1/27/2017 14:42",1,10,126,"10.1371/journal.pone.0164644",3.1,2.12,3.52,4.22
"203","1/27/2017 22:04",1,48,4,"10.1016/j.conb.2015.02.004",2.89,0.8,3.46,5
"204","1/28/2017 15:59",1,48,127,"10.1016/j.neuron.2015.10.021",3.66,3.29,3.84,5
"205","1/29/2017 19:42",1,15,128,"10.1196/annals.1440.013",2.06,2.87,2.51,0.61
"206","1/31/2017 3:56",1,72,129,"10.1109/ultsym.2003.1293414",2.7,2.83,2.7,3.94
"207","2/2/2017 23:16",1,102,130,"10.1038/nbt.3576",3.1,3.08,3.65,0.51
"208","2/8/2017 18:47",1,146,131,"10.1016/s0896-6273(00)81206-4",2.52,1.75,3.56,2.53
"209","2/12/2017 18:44",1,72,132,"10.1111/micc.12188",2.53,3.09,2.62,3.06
"210","2/12/2017 23:07",1,72,133,"10.1523/jneurosci.2916-15.2015",2.25,3.8,2.66,3.7
"211","2/13/2017 5:50",1,72,134,"10.1038/nmeth.3217",3.03,4.35,3.01,3.51
"212","2/13/2017 23:14",1,44,135,"10.1016/j.neuron.2014.01.025",2.67,2.81,2.77,1.52
"213","2/13/2017 23:17",1,44,136,"10.1038/35090500",3.26,3.73,3.32,3.32
"214","2/14/2017 0:12",1,72,137,"10.1016/j.celrep.2016.12.004",2.99,3.91,3.6,2.88
"215","2/14/2017 0:14",1,72,138,"10.7554/elife.14679",3.23,3.99,3.37,3.2
"216","2/14/2017 6:12",1,18,136,"10.1038/35090500",3.32,3.36,3.63,1.52
"217","2/14/2017 6:12",1,18,135,"10.1016/j.neuron.2014.01.025",3.3,3.7,3.76,1.52
"218","2/14/2017 9:32",1,129,136,"10.1038/35090500",3.92,3.82,4.35,0.56
"219","2/14/2017 9:33",1,129,131,"10.1016/s0896-6273(00)81206-4",3.68,3.04,3.68,0.47
"220","2/14/2017 14:34",1,166,135,"10.1016/j.neuron.2014.01.025",2.46,3.61,2.44,2.46
"221","2/14/2017 14:39",1,166,136,"10.1038/35090500",3.46,3.61,3.57,0.75
"222","2/14/2017 15:06",1,35,135,"10.1016/j.neuron.2014.01.025",2.73,2.77,2.735,1.18
"223","2/14/2017 15:11",1,35,136,"10.1038/35090500",1.92,3.18,1.77,0
"224","2/14/2017 17:54",1,72,136,"10.1038/35090500",2.87,1.73,3.24,1.21
"225","2/14/2017 17:55",1,72,135,"10.1016/j.neuron.2014.01.025",2.7,2.88,3.1,2.03
"226","2/15/2017 16:18",1,48,139,"10.1073/pnas.1604135113",0.54,2.9,2.97,4.82
"227","2/16/2017 3:53",1,102,140,"10.1016/j.bbrc.2007.05.150",2.95,2.54,2.46,0.66
"228","2/17/2017 19:49",1,48,139,"10.1073/pnas.1604135113",1.96,3.72,3.1,4.65
"229","2/21/2017 21:33",1,102,141,"10.18632/aging.100765",2.98,3,2.58,3.47
"230","2/27/2017 15:36",1,44,35,"10.1038/nature08002",3.51,4.47,3.78,2.59
"231","2/27/2017 15:38",1,44,142,"10.1126/science.7770778",3.51,2.3,2.72,2.74
"232","2/28/2017 14:02",1,35,35,"10.1038/nature08002",2.48,3.23,3.12,1.57
"233","2/28/2017 14:06",1,35,142,"10.1126/science.7770778",2.63,2.73,3.25,1.44
"234","2/28/2017 14:06",1,18,35,"10.1038/nature08002",3.48,4.25,3.88,2.68
"235","3/2/2017 0:54",1,72,143,"10.1016/0041-624x(85)90037-x",2.63,4.66,2.51,3.93
"236","3/2/2017 0:56",1,72,142,"10.1126/science.7770778",2.89,3.07,3.16,2.1
"237","3/2/2017 0:57",1,72,35,"10.1038/nature08002",3.12,3.91,3.62,3.53
"238","3/2/2017 18:19",1,72,144,"10.1126/science.aal4217",3.2,1.91,2.85,2.68
"239","3/2/2017 22:39",1,108,145,"10.1074/jbc.m116.734814",3.47,3.44,3.45,2.75
"240","3/3/2017 16:46",1,48,144,"10.1126/science.aal4217",4.14,1.91,3.04,5
"241","3/3/2017 17:05",1,99,146,"10.1371/journal.pone.0159513",1.55,2.91,1.65,1.03
"242","3/5/2017 2:38",1,27,147,"10.1038/nn.4509",3.51,3.47,3.45,3.57
"243","3/5/2017 2:45",1,99,148,"10.1016/j.autneu.2017.02.001",3.23,2.78,1.44,1.66
"244","3/5/2017 2:48",1,99,147,"10.1038/nn.4509",1.99,3.89,3.31,1.73
"245","3/5/2017 2:58",1,48,149,"10.1038/nature21407",3.53,3.74,3.13,3.63
"246","3/5/2017 2:59",1,48,149,"10.1038/nature21407",3.53,3.29,3.13,3.63
"247","3/5/2017 4:58",1,48,150,"10.1016/j.brainres.2008.06.054",3.48,3,3.01,5
"248","3/5/2017 5:00",1,48,150,"10.1016/j.brainres.2008.06.054",3.13,4.8,2.96,4.46
"249","3/5/2017 5:29",1,96,147,"10.1038/nn.4509",3.32,3.69,3.4,3.6
"250","3/5/2017 15:44",1,99,151,"10.1007/s11356-017-8662-9",3.57,3.94,1.22,2.59
"251","3/5/2017 18:01",1,48,150,"10.1016/j.brainres.2008.06.054",3.58,3.57,4.38,3.45
"252","3/5/2017 18:15",1,48,150,"10.1016/j.brainres.2008.06.054",3.68,3.42,3.65,3.82
"253","3/5/2017 18:16",1,48,150,"10.1016/j.brainres.2008.06.054",3.68,3.42,3.65,3.82
"254","3/6/2017 15:52",1,15,152,"10.1038/nrn3357",1.89,3.85,2.5,0
"255","3/7/2017 5:43",1,166,153,"10.1038/nn.3797",3.23,3.82,4.11,3.44
"256","3/7/2017 5:44",1,166,154,"10.1016/j.neuron.2016.09.003",3.23,2.6,3.23,3.44
"257","3/7/2017 5:46",1,166,35,"10.1038/nature08002",4.73,4.29,4.81,3.44
"258","3/7/2017 5:48",1,166,142,"10.1126/science.7770778",4.73,4.29,4.81,3.62
"259","3/8/2017 5:21",1,72,155,"10.1038/sdata.2016.35",3.12,3.63,2.65,3.61
"260","3/8/2017 16:47",1,18,154,"10.1016/j.neuron.2016.09.003",3.27,3.5,3.5,2.54
"261","3/8/2017 16:47",1,18,153,"10.1038/nn.3797",3.71,4.26,4.16,2.6
"262","3/9/2017 2:34",1,48,156,"10.1038/nn.2894",4.06,2.87,3.81,4.14
"263","3/12/2017 5:33",1,72,154,"10.1016/j.neuron.2016.09.003",2.58,2.61,2.78,2.94
"264","3/12/2017 5:59",1,72,153,"10.1038/nn.3797",2.73,2.73,3.15,3.13
"265","3/12/2017 6:16",1,72,153,"10.1038/nn.3797",2.95,2.91,2.89,3.29
"266","3/17/2017 23:39",1,72,157,"10.1109/embc.2014.6945223",2.61,2.66,2.72,4.84
"267","3/17/2017 23:52",1,72,158,"10.1016/j.jneumeth.2014.07.025",2.61,2.66,2.72,4.84
"268","3/17/2017 23:59",1,72,158,"10.1016/j.jneumeth.2014.07.025",2.6,2.85,3.45,4.58
"269","3/18/2017 17:15",1,100,159,"10.1038/npp.2016.163",4.05,3.78,3.84,0.43
"270","3/18/2017 17:16",1,100,160,"10.1523/jneurosci.3878-12.2013",3.49,2.98,3.3,0.43
"271","3/18/2017 17:17",1,100,161,"10.1084/jem.20120242",2.48,2.45,3.25,0.73
"272","3/18/2017 17:18",1,100,162,"10.1523/jneurosci.2265-10.2010",1.63,1.59,2.49,0
"273","3/18/2017 17:19",1,100,163,"10.1016/j.celrep.2017.01.005",3.65,2.59,2.79,0
"274","3/18/2017 17:20",1,100,164,"10.1242/jeb.140616",1,2.49,1.64,0
"275","3/18/2017 17:21",1,100,165,"10.7554/elife.06683",2.77,3.15,2.47,0
"276","3/18/2017 20:28",1,56,166,"10.1021/mp500002y",3.73,3.7,0.92,1.24
"277","3/19/2017 15:29",1,163,167,"10.1016/j.conb.2016.12.011",3.81,4.01,3.96,2.42
"278","3/19/2017 15:33",1,163,168,"10.1097/hrp.0000000000000152",4.46,4.47,4.28,2.13
"279","3/19/2017 22:55",1,100,169,"10.1038/nature16533",4.37,2.01,3.65,0
"280","3/20/2017 15:35",1,100,170,"10.3389/fnbeh.2014.00278",1.75,3.78,3.33,0
"281","3/21/2017 20:05",1,56,171,"10.1021/acs.inorgchem.6b01413",3.56,2.06,3.3,0.17
"282","3/22/2017 17:03",1,18,172,"10.1523/jneurosci.3413-16.2017",4.22,3.91,3.79,3.18
"283","3/22/2017 17:03",1,18,173,"10.1111/ejn.12523",3.85,3.61,4.08,3.18
"284","3/23/2017 4:42",1,30,174,"10.1038/nature04587",3.93,4.41,5,2.9
"285","3/23/2017 4:44",1,30,174,"10.1038/nature04587",4.63,4.26,5,3.46
"286","3/23/2017 4:46",1,30,35,"10.1038/nature08002",5,5,4.48,5
"287","3/23/2017 4:57",1,30,175,"10.1007/978-3-642-85148-3_14",1.82,1.95,5,3.84
"288","3/23/2017 5:08",1,30,176,"10.1146/annurev.ne.18.030195.003011",4.88,2.78,4.48,5
"289","3/23/2017 5:09",1,30,177,"10.1038/338334a0",4.38,3.24,4.7,5
"290","3/23/2017 5:12",1,30,178,"10.1038/nn.3532",4.8,4.06,4.7,5
"291","3/23/2017 15:23",1,113,179,"10.1016/j.neuron.2007.06.018",4.37,4.44,3.82,3.31
"292","3/23/2017 15:24",1,113,179,"10.1016/j.neuron.2007.06.018",4.37,4.44,3.82,3.31
"293","3/23/2017 15:25",1,113,180,"10.3389/neuro.06.013.2009",2.6,4.08,2.7,3.31
"294","3/23/2017 15:26",1,113,181,"10.1038/nn.4412",3.93,4.24,3.86,3.64
"295","3/23/2017 15:32",1,113,36,"10.1016/j.cell.2015.11.038",4.21,4.82,4.15,4.06
"296","3/23/2017 15:32",1,113,182,"10.1523/eneuro.0269-16.2016",3.98,4.25,3.42,2.54
"297","3/23/2017 15:33",1,113,35,"10.1038/nature08002",4.63,4.25,4.54,3.9
"298","3/23/2017 15:34",1,113,136,"10.1038/35090500",3.59,4.17,4.08,3.06
"299","3/23/2017 15:35",1,113,173,"10.1111/ejn.12523",3.29,3.44,4.26,3.5
"300","3/23/2017 15:37",1,113,142,"10.1126/science.7770778",4.88,4.99,4.8,4.83
"301","3/23/2017 15:39",1,113,183,"10.1016/s0896-6273(01)80034-9",3.01,3.8,3.13,3.22
"302","3/23/2017 15:40",1,113,154,"10.1016/j.neuron.2016.09.003",4.29,4.35,3.96,3.8
"303","3/23/2017 15:41",1,113,135,"10.1016/j.neuron.2014.01.025",3.48,4.46,3.28,3.33
"304","3/23/2017 15:43",1,113,131,"10.1016/s0896-6273(00)81206-4",4.19,4.21,3.61,3.43
"305","3/23/2017 15:43",1,113,172,"10.1523/jneurosci.3413-16.2017",4.19,4.3,4.63,4.23
"306","3/23/2017 15:44",1,113,153,"10.1038/nn.3797",4.52,4.1,4.43,4.42
"307","3/23/2017 20:54",1,146,172,"10.1523/jneurosci.3413-16.2017",4.11,4.35,3.34,1.5
"308","3/23/2017 20:55",1,146,173,"10.1111/ejn.12523",4.22,4.35,3.82,2.56
"309","3/24/2017 13:06",1,15,184,"10.1016/s0079-6123(05)50009-8",2.58,2.56,2.58,2.61
"310","3/24/2017 15:59",1,35,173,"10.1111/ejn.12523",2.56,2.15,1.89,2.14
"311","3/24/2017 16:02",1,35,153,"10.1038/nn.3797",2.44,2.62,3.57,2.57
"312","3/24/2017 16:09",1,35,135,"10.1016/j.neuron.2014.01.025",2.44,3,3.57,2.04
"313","3/24/2017 18:38",1,99,185,"10.1093/cercor/bhx065",1.86,3.19,2.91,3.48
"314","3/25/2017 20:03",1,155,186,"10.1523/jneurosci.3183-06.2007",2.18,3.41,3.4,3.41
"315","3/25/2017 20:42",1,72,172,"10.1523/jneurosci.3413-16.2017",2.68,3.43,2.79,3.21
"316","3/25/2017 20:45",1,72,40,"10.1523/jneurosci.2969-10.2010",2.72,3.36,2.67,3.03
"317","3/26/2017 5:03",1,72,173,"10.1111/ejn.12523",2.73,3.09,2.79,3
"318","3/27/2017 22:47",1,129,187,"10.3389/fneng.2012.00015",3.64,3.48,2.8,1.9
"319","3/27/2017 22:50",1,129,188,"10.1109/tbme.2014.2298897",3.16,3.16,2.35,1.55
"320","3/27/2017 22:52",1,129,189,"10.1007/s11517-009-0550-0",3.19,2.74,2.86,1.64
"321","3/27/2017 22:55",1,129,190,"10.1002/ana.23951",3.53,2.71,2.85,2.64
"322","3/27/2017 22:56",1,129,191,"10.1088/1741-2560/10/3/036019",2.95,2.99,2.48,2.6
"323","3/27/2017 22:57",1,129,192,"10.1093/brain/awq267",2.76,2.03,3.15,2.08
"324","3/28/2017 11:53",1,18,193,"10.1016/j.neuron.2014.12.018",3.9,3.74,4.7,3.01
"325","3/28/2017 11:54",1,18,139,"10.1073/pnas.1604135113",4.42,4.35,4.92,3.52
"326","3/28/2017 13:36",1,129,194,"10.1038/nature11129",4.73,4.38,4.36,3.09
"327","3/28/2017 16:17",1,72,139,"10.1073/pnas.1604135113",3.61,3.36,3.88,2.97
"328","3/28/2017 16:37",1,72,155,"10.1038/sdata.2016.35",3.41,2.01,4.49,0.95
"329","3/29/2017 1:28",1,111,195,"10.1162/jocn.2007.19.12.2082",3.26,4.2,3.93,4.25
"330","3/29/2017 1:31",1,111,196,"10.1037/0096-3445.135.4.623",2.97,4.25,3.43,4.25
"331","3/29/2017 1:33",1,111,197,"10.1016/j.cub.2015.06.035",3.22,3.52,3.97,3.21
"332","3/29/2017 1:35",1,111,198,"10.1126/science.1067653",3.97,3.74,4.36,3.74
"333","3/29/2017 1:38",1,111,199,"10.1006/nimg.2002.1110",4.67,4.4,4.11,3.94
"334","3/29/2017 20:22",1,48,193,"10.1016/j.neuron.2014.12.018",2.44,2.93,4.06,4.66
"335","3/29/2017 21:56",1,72,200,"10.1161/01.str.31.4.907",2.25,2.64,3.22,4.25
"336","3/29/2017 21:59",1,72,153,"10.1038/nn.3797",1.47,3.18,2.45,4.87
"337","3/29/2017 22:24",1,72,201,"10.1016/j.ultrasmedbio.2011.12.001",2.66,3.7,2.07,4.08
"338","3/29/2017 22:31",1,72,202,"10.1016/j.ultrasmedbio.2006.06.019",3.33,2.75,3.12,3.74
"339","3/30/2017 0:28",1,88,203,"10.1016/0197-4580(96)00005-x",2.52,3.72,2.96,3.95
"340","3/30/2017 0:30",1,88,204,"10.1212/wnl.49.3.786",2.82,3.45,3.05,3.85
"341","3/30/2017 0:32",1,88,5,"10.1038/nature16492",3.29,2.3,3.66,2.87
"342","3/30/2017 1:16",1,72,205,"10.1371/journal.pone.0114529",2.78,3.1,3.21,2.94
"343","3/30/2017 1:17",1,72,206,"10.1016/j.neuron.2014.11.010",3.52,4.12,3.81,3.44
"344","3/30/2017 1:18",1,72,207,"10.1152/jn.00792.2014",2.26,3.42,2.88,3.4
"345","3/30/2017 1:19",1,72,208,"10.1152/jn.01040.2014",2.59,3.34,2.97,3.05
"346","3/30/2017 1:19",1,72,209,"10.1109/ner.2013.6696102",2.24,3.54,3.58,3.38
"347","3/30/2017 1:20",1,72,210,"10.1038/nmeth.3620",2.75,3.57,2.92,3.09
"348","3/30/2017 2:58",1,72,211,"10.1073/pnas.1510899113",3.68,2.73,4.09,3.43
"349","3/30/2017 2:59",1,48,212,"10.1523/jneurosci.3474-11.2012",2.16,2.73,2.85,5
"350","3/30/2017 3:00",1,48,213,"10.1093/cercor/bhk006",1.22,2.72,1.15,5
"351","3/30/2017 3:01",1,72,214,"10.1073/pnas.0801075105",3.32,2.33,3.08,2.04
"352","3/30/2017 3:02",1,48,215,"10.1523/jneurosci.1592-13.2013",3.17,1.76,4.15,3.23
"353","3/30/2017 3:03",1,48,216,"10.1126/scitranslmed.3003748",3.19,2.99,4.27,3.46
"354","3/30/2017 3:04",1,48,211,"10.1073/pnas.1510899113",3.94,2.84,2.99,5
"355","3/30/2017 3:05",1,72,217,"10.1073/pnas.1012864107",3.27,2.76,3.37,2.96
"356","3/30/2017 3:06",1,48,218,"10.1038/nn.2439",2.82,2.99,2.93,5
"357","3/30/2017 3:08",1,48,219,"10.1038/nature12475",3.51,2.47,3.55,3.7
"358","3/30/2017 3:09",1,48,220,"10.1038/nn.4173",2.89,2.31,3.71,3.56
"359","3/30/2017 3:09",1,72,221,"10.1371/journal.pone.0059759",3.64,2.7,4.18,2.74
"360","3/30/2017 3:11",1,48,222,"10.1126/science.1138071",2.76,1.7,2.73,5
"361","3/30/2017 3:12",1,72,223,"10.1038/srep14366",3.22,2.7,3.65,2.71
"362","3/30/2017 3:13",1,48,224,"10.1038/nn1671",2.82,3.86,3.71,5
"363","3/30/2017 3:15",1,72,225,"10.1146/annurev.bioeng.9.060906.151840",2.58,4.12,2.93,3.67
"364","3/30/2017 3:16",1,48,35,"10.1038/nature08002",2.75,3.45,2.41,5
"365","3/30/2017 3:16",1,72,26,"10.1016/j.neuron.2016.06.034",2.91,3.27,3.87,4.45
"366","3/30/2017 3:17",1,72,226,"10.1109/embc.2015.7318942",2.63,2.67,2.88,4.42
"367","3/30/2017 3:19",1,72,227,"10.1109/memsys.2015.7051049",2.23,2.9,2.83,3.68
"368","3/30/2017 3:20",1,72,158,"10.1016/j.jneumeth.2014.07.025",2.28,2.72,3.88,4
"369","3/30/2017 3:22",1,72,228,"10.1038/ncomms7575",3.33,3.54,3.12,3.42
"370","3/30/2017 3:23",1,72,229,"10.1109/embc.2014.6944161",2.2,3.36,3.07,3.95
"371","3/30/2017 3:25",1,72,230,"10.1109/embsisc.2016.7508602",2.81,2.13,2.92,5
"372","3/30/2017 3:27",1,72,47,"10.1109/tbcas.2015.2456242",2.32,3.66,3.32,3.92
"373","3/30/2017 3:31",1,72,231,"10.1088/1741-2560/4/4/006",3.17,3.51,2.98,3.4
"374","3/30/2017 4:51",1,72,232,"10.1016/j.jbiomech.2010.01.027",3.28,3.76,2.81,3.3
"375","3/30/2017 4:53",1,72,233,"10.1016/j.jelekin.2007.03.008",2.75,3.8,2.23,3.1
"376","3/30/2017 4:55",1,72,234,"10.1016/j.jelekin.2010.07.004",3.65,4.14,3.03,3.2
"377","3/30/2017 4:56",1,72,235,"10.1016/j.jelekin.2011.03.009",2.8,3.36,2.24,3.07
"378","3/30/2017 4:58",1,72,236,"10.1251/bpo115",3.2,3.95,2.68,2.97
"379","3/30/2017 5:02",1,72,237,"10.1016/j.jbiomech.2016.01.018",3.67,3.4,2.85,3.12
"380","3/30/2017 5:28",1,88,238,"10.1161/01.hyp.25.3.305",3.73,2.48,3.36,2.53
"381","3/30/2017 5:31",1,88,239,"10.1016/j.cardfail.2016.06.016",2.55,2.53,2.62,1.89
"382","3/30/2017 5:35",1,88,240,"10.1016/j.jemermed.2016.09.016",2.83,3.7,2.75,2.9
"383","3/30/2017 5:41",1,88,241,"10.1016/j.ajem.2016.03.037",3.38,2.46,2.54,2.76
"384","3/30/2017 23:33",1,48,193,"10.1016/j.neuron.2014.12.018",1.96,3.09,2.65,5
"385","4/3/2017 19:30",1,93,242,"10.1371/journal.pone.0105941",0.41,3.31,0.46,0.56
"386","4/4/2017 2:53",1,18,218,"10.1038/nn.2439",3.31,2.82,3.35,3.4
"387","4/7/2017 18:27",1,155,243,"10.7554/elife.24179",3.77,3.27,3.86,3.26
"388","4/7/2017 20:44",1,132,218,"10.1038/nn.2439",3.83,1.59,4.38,3.11
"389","4/7/2017 21:01",1,99,244,"10.1089/scd.2016.0325",3.53,1.34,1.56,2.99
"390","4/10/2017 14:25",1,99,245,"10.1016/j.neuron.2016.12.005",4.48,3.04,3.43,1.04
"391","4/10/2017 17:59",1,99,246,"10.3389/fphys.2017.00153",2.95,2.74,2.16,3.7
"392","4/11/2017 17:14",1,48,247,"10.1016/j.ebcr.2016.12.002",1.96,0.66,3.23,1.6
"393","4/11/2017 17:51",1,7,220,"10.1038/nn.4173",3.3,2.67,4.05,2.58
"394","4/11/2017 17:55",1,7,248,"10.1126/science.aaf0902",2.72,3.07,3.87,2.49
"395","4/11/2017 17:57",1,7,249,"10.1038/nn.4223",2.76,3.2,3.88,2.62
"396","4/11/2017 17:59",1,36,250,"10.1371/journal.pone.0094562",1.91,1.3,3.32,1.31
"397","4/11/2017 18:02",1,7,251,"10.1016/j.tins.2012.04.008",2.79,2.99,4.1,1.91
"398","4/13/2017 15:23",1,15,252,"10.4103/0973-1229.109335",2.37,2.6,2.61,0
"399","4/13/2017 19:05",1,48,253,"10.1001/jama.2017.3086",3.04,1.12,3.35,3.21
"400","4/13/2017 19:09",1,139,254,"10.1113/jp274049",1.54,3.08,3.67,0
"401","4/14/2017 1:03",1,151,255,"10.1007/s00394-009-0065-3",2.89,0.84,3.33,0
"402","4/14/2017 18:34",1,7,256,"10.1523/jneurosci.2507-16.2016",3.05,3.04,2.55,2.38
"403","4/17/2017 16:52",1,144,257,"10.1038/nature02116",4.02,4.16,3.96,5
"404","4/17/2017 16:53",1,144,258,"10.1016/j.neuron.2009.01.002",4.06,2.48,4.16,4.19
"405","4/17/2017 16:55",1,144,259,"10.1016/j.jneumeth.2004.03.005",3.71,3.84,1.735,5
"406","4/17/2017 16:56",1,144,260,"10.1038/nn.4520",3.61,2.49,4.01,3.36
"407","4/17/2017 16:57",1,144,261,"10.1038/nature16961",4.71,4.76,4.18,4.36
"408","4/18/2017 1:28",1,18,262,"10.1038/nature10009",4.18,3.37,3.8,3.3
"409","4/18/2017 1:28",1,18,263,"10.7554/elife.12499",4,3.33,4.49,3.24
"410","4/19/2017 21:38",1,100,264,"10.1001/jamainternmed.2013.11950",4.18,3.39,2.98,0.86
"411","4/19/2017 21:39",1,100,265,"10.1038/nature19323",3.19,1.83,3.78,0.84
"412","4/20/2017 1:56",1,99,266,"10.1016/j.neuropharm.2017.04.022",2.93,1.6,1.96,0.52
"413","4/20/2017 17:50",1,125,267,"10.1016/j.jecp.2014.03.006",3.74,3.39,4.27,5
"414","4/20/2017 18:20",1,125,268,"10.1146/annurev.ne.13.030190.000325",4.37,4.29,4.38,5
"415","4/20/2017 20:15",1,125,268,"10.1146/annurev.ne.13.030190.000325",4.2,4.1,4.39,4.84
"416","4/22/2017 1:48",1,72,269,"10.1109/jsen.2007.912550",2.94,3.44,2.17,2.98
"417","5/2/2017 13:09",1,10,270,"10.1038/srep44061",3.24,1.88,3.9,3.5
"418","5/2/2017 13:10",1,10,126,"10.1371/journal.pone.0164644",2.77,2.84,2.95,2.89
"419","5/2/2017 13:11",1,10,271,"10.1038/srep31175",3.7,2.84,3.12,4.47
"420","5/3/2017 17:08",1,155,272,"10.1523/jneurosci.3073-13.2014",2.96,4.49,4.16,4.72
"421","5/3/2017 18:24",1,155,272,"10.1523/jneurosci.3073-13.2014",2.96,4.49,4.16,4.72
"422","5/22/2017 20:38",1,52,273,"10.1038/nn.4238",4.45,4.12,3.95,1.06
"423","5/24/2017 23:18",1,93,274,"10.1126/science.aaa5694",0.61,3.85,1.05,0.71
"424","5/26/2017 17:31",2,115,275,"10.1038/nature22073",2.58,3.97,3.37,1.94
"425","5/26/2017 18:14",2,102,276,"10.7554/elife.20752",3.59,3.18,4.62,4.71
"426","5/26/2017 18:15",2,30,277,"10.1038/nn.2134",5,4.35,3.86,4.44
"427","5/26/2017 18:19",2,48,278,"10.1111/cns.12705",4,1.53,3.07,0.3
"428","5/26/2017 18:20",2,58,279,"10.3389/fncel.2016.00135",0.98,3.98,2.52,2.93
"429","5/26/2017 18:25",2,124,280,"10.1016/j.neuron.2017.03.036",4.5,5,5,2.57
"430","5/26/2017 18:27",2,166,281,"10.1523/jneurosci.1300-16.2016",5,5,5,5
"431","5/26/2017 18:29",2,166,282,"10.1038/nn.4533",4.17,5,4.13,5
"432","5/26/2017 18:30",2,166,51,"10.1126/science.1241224",4.44,5,4.42,5
"433","5/26/2017 18:30",2,115,283,"10.1016/j.neuron.2013.01.039",2.81,2.85,3.61,3.68
"434","5/26/2017 18:30",2,166,50,"10.1126/science.aad4821",4.31,5,4.22,5
"435","5/26/2017 20:16",2,115,284,"10.1101/126219",2.81,2.81,3.01,3.45
"436","5/27/2017 15:08",2,30,285,"10.1371/journal.pbio.0030068",2.26,3.42,4.99,3.89
"437","5/27/2017 21:20",2,29,286,"10.1038/ncomms12266",5,4.28,3.62,5
"438","5/29/2017 0:42",2,158,287,"10.1161/atvbaha.107.157438",3.65,2.72,3.15,0.97
"439","5/29/2017 1:00",2,158,288,"10.1016/s0006-8993(02)03186-4",3.34,3.89,0.13,2.02
"440","5/29/2017 1:56",2,158,289,"10.1007/s00213-006-0648-0",3.8,2.96,1.29,1.94
"441","5/29/2017 14:38",2,158,290,"10.1074/jbc.m512194200",3.88,3.03,3.61,2
"442","5/29/2017 18:18",2,158,291,"10.1007/s00213-008-1411-5",2.05,3.09,0.67,1.08
"443","5/29/2017 22:15",2,158,292,"10.1038/73767",4.61,4.52,4.2,1.11
"444","5/30/2017 1:00",2,158,293,"10.1016/s0960-9822(99)80484-9",3.21,3.72,1.42,0.27
"445","5/30/2017 14:50",2,158,294,"10.1021/ac040037s",4.23,3.89,3.15,1.51
"446","5/31/2017 13:33",2,158,295,"10.1016/j.tcb.2005.07.003",4.55,4.06,4.36,1.3
"447","5/31/2017 14:32",2,158,296,"10.1002/bip.22254",3.23,3.4,0.39,2.69
"448","5/31/2017 22:01",2,158,297,"10.1109/embc.2013.6609453",4.37,3.87,2.78,2.62
"449","6/1/2017 13:48",2,158,298,"10.1016/j.ygeno.2010.02.006",4.39,4.03,4.84,2.19
"450","6/4/2017 23:28",2,158,299,"10.1091/mbc.e11-01-0072",3.98,4.15,2.72,1.05
"451","6/5/2017 0:33",2,158,300,"10.1111/dgd.12039",4.22,4.2,1.05,2.6
"452","6/5/2017 20:38",2,72,301,"10.1038/nbt.3835",3.82,1.54,2.44,1.16
"453","6/5/2017 20:46",2,72,302,"10.1038/nrneurol.2017.59",0.68,1.27,1.54,2.22
"454","6/6/2017 14:37",2,158,303,"10.1016/j.neuron.2017.05.005",2,3.96,1.79,2.23
"455","6/6/2017 14:38",2,158,304,"10.1016/j.neuron.2017.04.017",3.46,3.67,2.72,1.92
"456","6/6/2017 14:49",2,72,305,"10.1016/j.cell.2017.05.024",3.32,2.91,2.16,2.58
"457","6/7/2017 20:32",2,158,306,"10.1038/nmeth.4221",1.27,3.89,1.05,2.64
"458","6/14/2017 22:17",2,72,307,"10.1136/jnis.2011.004846",0.19,0.2,0.3,1.42
"459","6/14/2017 22:48",2,72,54,"10.3389/fnsys.2015.00185",1.08,4.01,1.92,0.95
"460","6/20/2017 19:41",2,158,308,"10.1016/j.neuroscience.2007.06.002",2.72,3.97,2.53,0.81
"461","6/21/2017 18:51",2,72,54,"10.3389/fnsys.2015.00185",1.03,4.2,1.96,0.9
"462","6/22/2017 1:10",2,72,309,"10.1371/journal.pone.0068314",0.85,1.99,1.44,1.19
"463","6/26/2017 15:31",2,158,310,"10.1016/j.coph.2008.12.014",0.49,2.97,0.33,3.09
"464","6/26/2017 15:59",2,158,311,"10.1097/wnr.0b013e32834d0bc8",0.79,3.47,0.48,2.18
"465","6/26/2017 16:30",2,158,312,"10.1176/appi.ajp.162.8.1414",1.8,3,0.7,1.53
"466","6/26/2017 18:28",2,158,313,"10.1016/s0165-3806(02)00364-4",3.43,2.39,2.64,2.13
"467","6/27/2017 14:04",2,155,314,"10.1037/bne0000165",3.36,5,4.08,5
"468","7/3/2017 19:28",2,158,315,"10.1124/pr.107.08002",1.81,4.49,1.53,2.81
"469","7/3/2017 19:38",2,158,316,"10.1177/1933719110379651",2.82,3.41,0.48,2.25
"470","7/5/2017 18:00",2,72,309,"10.1371/journal.pone.0068314",0.78,2.03,1.4,1.16
"471","7/6/2017 14:30",2,85,317,"10.7554/elife.11308",2.08,3.87,2.83,1.05
"472","7/6/2017 18:09",2,93,318,"10.1152/jn.00048.2016",3,3.92,2.52,0.88
"473","7/9/2017 20:20",2,158,319,"10.1016/j.mce.2008.04.017",2.99,3.96,2.01,2.01
"474","7/11/2017 21:55",2,48,320,"10.1038/378078a0",4.63,5,3.97,1.97
"475","7/12/2017 19:57",2,155,321,"10.3389/fnana.2017.00049",0.05,0.99,0.05,5
"476","7/13/2017 19:43",2,85,322,"10.1037/0033-295x.113.4.700",1.86,2.46,1.21,3.11
"477","7/13/2017 19:44",2,85,323,"10.1523/jneurosci.4299-12.2013",2.83,3.47,2.91,4.03
"478","7/13/2017 19:46",2,85,324,"10.1038/nature14066",2.9,3.23,2.81,2.01
"479","7/13/2017 19:49",2,131,325,"10.1038/nm.4084",3.93,5,5,5
"480","7/13/2017 19:50",2,66,326,"10.3389/neuro.06.003.2007",3.76,4.22,4.18,4.58
"481","7/13/2017 19:50",2,161,327,"10.3389/fncir.2016.00015",5,4.14,2.51,5
"482","7/13/2017 19:51",2,85,328,"10.1021/nl900694r",3.77,2.93,4.18,0.1
"483","7/13/2017 19:51",2,107,328,"10.1021/nl900694r",3.08,5,5,4.83
"484","7/13/2017 19:52",2,13,329,"10.1038/nrn3687",5,5,4.76,5
"485","7/13/2017 19:53",2,66,326,"10.3389/neuro.06.003.2007",3.76,4.22,4.18,4.58
"486","7/13/2017 19:53",2,66,330,"10.1038/376033a0",4.09,1.37,4.56,3.49
"487","7/13/2017 19:54",2,1,331,"10.1038/nn.4464",2.46,5,4.22,3.92
"488","7/13/2017 19:55",2,1,332,"10.1038/nature14622",0.16,1.95,0.07,4.15
"489","7/13/2017 19:56",2,1,333,"10.1038/nature03721",3.5,2.73,4.66,3.57
"490","7/13/2017 19:57",2,1,334,"10.1038/nn.3909",3.04,4.38,3.33,3.62
"491","7/13/2017 19:58",2,66,335,"10.1016/j.neuron.2017.02.010",1.58,1.65,3.28,2.89
"492","7/13/2017 19:58",2,1,336,"10.1002/hipo.450030307",4.03,5,4.81,4.3
"493","7/13/2017 19:59",2,66,337,"10.1016/j.neuron.2016.09.004",1.23,0.71,3.38,2.65
"494","7/13/2017 20:00",2,1,338,"10.1016/j.cell.2015.12.040",1.85,1.05,1.24,2.09
"495","7/13/2017 20:03",2,1,339,"10.1016/s0306-4522(97)00049-3",5,4.18,2.59,3.38
"496","7/13/2017 20:04",2,1,340,"10.1038/nn.4110",0.76,0.66,1.71,3.39
"497","7/13/2017 20:05",2,85,341,"10.1016/j.devcel.2016.11.016",2.73,3.58,4.08,1.99
"498","7/13/2017 20:08",2,1,342,"10.1016/0006-8993(71)90358-1",4.23,3.57,5,3.36
"499","7/13/2017 20:08",2,1,343,"10.1038/nature01834",4.22,2.84,3.9,3.39
"500","7/13/2017 20:08",2,66,344,"10.1371/journal.pcbi.1005268",0.16,1.33,3.83,4.24
"501","7/13/2017 20:10",2,1,345,"10.1038/381520a0",4.68,5,5,1.95
"502","7/13/2017 20:12",2,13,329,"10.1038/nrn3687",5,5,4.76,5
"503","7/13/2017 20:13",2,1,346,"10.1038/nature00807",4.2,1.02,2.5,3.28
"504","7/13/2017 20:13",2,13,347,"10.7554/elife.18805",3.92,4.53,5,5
"505","7/13/2017 20:14",2,1,348,"10.1006/nlme.1998.3843",3.83,3.39,2.28,3.48
"506","7/13/2017 20:16",2,1,349,"10.1038/nature15398",1.28,0.23,0.55,2.13
"507","7/13/2017 20:17",2,13,350,"10.1016/j.pneurobio.2012.09.004",3.35,5,5,5
"508","7/13/2017 20:18",2,1,275,"10.1038/nature22073",0.38,0.61,0.07,2.49
"509","7/13/2017 20:22",2,1,351,"10.1038/nn.2337",1.75,4.6,3.23,3.17
"510","7/13/2017 20:24",2,1,352,"10.1113/jphysiol.1962.sp006837",4.56,5,4.58,1.33
"511","7/13/2017 20:25",2,1,353,"10.1038/nn.4058",3.08,5,3.33,1.71
"512","7/13/2017 20:28",2,1,354,"10.1126/science.1135801",2.65,0.95,0.86,3.39
"513","7/13/2017 20:30",2,1,355,"10.1126/science.aam6808",1.93,3.31,2.53,2.81
"514","7/17/2017 20:32",2,93,356,"10.1523/jneurosci.0365-09.2009",3.45,2.93,0.37,0.43
"515","7/18/2017 17:47",2,158,357,"10.1016/0006-8993(94)91229-7",2.99,3.45,2.74,2.66
"516","7/18/2017 21:39",2,158,358,"10.1002/syn.890050211",3.36,2.09,3,2.54
"517","7/19/2017 12:07",2,155,359,"10.1038/547162e",0,0.03,0.97,3.23
"518","7/19/2017 21:53",2,158,360,"10.1016/j.neuropharm.2005.10.004",2.88,3.82,2.86,2.61
"519","7/21/2017 16:08",2,8,361,"10.1073/pnas.1406077111",5,2.06,3.44,4.19
"520","7/21/2017 17:00",2,116,362,"10.1073/pnas.0913991107",2.45,3.97,5,2.65
"521","7/21/2017 17:01",2,116,362,"10.1073/pnas.0913991107",2.45,3.97,5,2.65
"522","7/21/2017 17:04",2,116,363,"10.1016/s0896-6273(03)00255-1",3.91,4.82,3.85,3.63
"523","7/21/2017 17:05",2,97,364,"10.1152/jn.00465.2016",0.92,2.42,1.96,0.78
"524","7/21/2017 17:06",2,74,365,"10.1038/nature14446",5,4.15,4.68,2.51
"525","7/21/2017 17:07",2,97,366,"10.1126/science.1128657",1.1,1.15,2.85,2.45
"526","7/21/2017 17:07",2,135,367,"10.1016/j.neuron.2009.12.002",1.9,3.47,4.67,4.15
"527","7/21/2017 17:07",2,116,368,"10.1016/j.neuron.2009.08.024",4.35,3.39,5,1.57
"528","7/21/2017 17:07",2,156,85,"10.1038/nature09633",3.34,1.25,2.48,3.61
"529","7/21/2017 17:08",2,135,344,"10.1371/journal.pcbi.1005268",4.01,5,4.69,1.54
"530","7/21/2017 17:09",2,48,369,"10.1016/j.nbd.2016.01.003",2.52,1.91,4,4.27
"531","7/21/2017 17:09",2,74,370,"10.1038/nature21692",1.55,2.62,3.55,3.8
"532","7/21/2017 17:11",2,126,371,"10.1016/j.celrep.2017.06.018",5,4.07,3.96,1.33
"533","7/21/2017 17:13",2,97,55,"10.1523/jneurosci.2673-16.2016",2.26,4.98,4.08,2.87
"534","7/21/2017 17:13",2,74,372,"10.1016/j.conb.2013.11.005",2.74,3.25,2.96,5
"535","7/21/2017 17:14",2,74,67,"10.1038/nature12112",5,4.38,4.06,3.71
"536","7/21/2017 17:15",2,116,373,"10.1073/pnas.0702495104",3.35,4.48,4.21,2.1
"537","7/21/2017 17:15",2,74,374,"10.1126/science.1159775",4.15,3.95,4.22,4.07
"538","7/21/2017 17:17",2,74,375,"10.1023/a:1008921114108",2.51,5,5,2.39
"539","7/21/2017 17:17",2,20,376,"10.1038/srep20184",4.81,4.92,4.88,2.58
"540","7/21/2017 17:17",2,87,377,"10.1523/jneurosci.2915-09.2009",4,5,4.29,3.7
"541","7/21/2017 17:17",2,97,378,"10.1038/nature21376",1.24,2.69,2.3,1.91
"542","7/21/2017 17:18",2,74,379,"10.1093/icb/icu050",3.7,3.94,2.94,5
"543","7/21/2017 17:19",2,156,380,"10.1523/jneurosci.3761-07.2007",4.13,3.55,4.4,3.96
"544","7/21/2017 17:19",2,74,381,"10.1371/journal.pone.0089762",0.05,0.8,1.92,4.02
"545","7/21/2017 17:19",2,74,382,"10.1152/jn.01046.2012",3.31,4.19,3.07,3.53
"546","7/21/2017 17:22",2,74,383,"10.1126/science.1235338",4.39,4.04,3.94,3.65
"547","7/21/2017 17:22",2,23,384,"10.1152/jn.00594.2016",0.96,0.77,2.3,4.73
"548","7/21/2017 17:22",2,97,385,"10.1007/s00265-014-1689-8",0.54,2.59,1.41,4.17
"549","7/21/2017 17:23",2,74,386,"10.1038/nn.3884",0.65,1.51,1.88,3.59
"550","7/21/2017 17:24",2,74,387,"10.1038/nn.3310",3.21,3.96,2.93,3.39
"551","7/21/2017 17:24",2,116,388,"10.3389/fphys.2012.00163",1.42,2.4,5,1.76
"552","7/21/2017 17:24",2,74,389,"10.1126/science.1232655",3.14,3.48,3.13,3.78
"553","7/21/2017 17:25",2,74,390,"10.1073/pnas.1215834110",3.37,3.35,3.31,3.57
"554","7/21/2017 17:26",2,74,391,"10.1016/j.jneumeth.2012.03.007",2.19,5,2.77,4.09
"555","7/21/2017 17:26",2,74,73,"10.1038/nn.3311",3.9,4.36,3.16,3.66
"556","7/21/2017 17:26",2,97,392,"10.1242/jeb.096180",0.95,2.38,2.04,3.73
"557","7/21/2017 17:27",2,116,174,"10.1038/nature04587",5,3.09,4.21,1.55
"558","7/21/2017 17:27",2,97,393,"10.1111/j.1752-4571.2012.00252.x",3.53,2.04,0.88,1.6
"559","7/21/2017 17:27",2,74,394,"10.1242/jeb.082420",3.25,3.85,3.7,3.71
"560","7/21/2017 17:28",2,74,395,"10.1242/jeb.076513",3.84,3.94,3.76,4.1
"561","7/21/2017 17:28",2,97,396,"10.1371/journal.pone.0100894",0.94,2.96,0.94,2.52
"562","7/21/2017 17:28",2,74,397,"10.1371/journal.pone.0066596",2.76,3.85,2.68,3.87
"563","7/21/2017 17:29",2,97,398,"10.1371/journal.pone.0025371",2.28,2.8,2.68,2.47
"564","7/21/2017 17:30",2,23,384,"10.1152/jn.00594.2016",2.67,2.78,3.64,3.26
"565","7/21/2017 17:30",2,87,399,"10.1126/science.1240284",1.34,4.89,1.73,4.54
"566","7/21/2017 17:31",2,23,384,"10.1152/jn.00594.2016",0.81,0.77,1.69,4.99
"567","7/21/2017 17:31",2,97,400,"10.1186/1471-2156-14-65",0.61,2.14,0.54,1.3
"568","7/21/2017 17:31",2,23,135,"10.1016/j.neuron.2014.01.025",2.21,2.82,3.12,3.17
"569","7/21/2017 17:32",2,23,135,"10.1016/j.neuron.2014.01.025",2.21,2.82,3.12,3.17
"570","7/21/2017 17:33",2,74,401,"10.1242/jeb.077644",3.32,4.62,3.12,3.34
"571","7/21/2017 17:34",2,74,333,"10.1038/nature03721",5,5,5,4.07
"572","7/21/2017 17:34",2,74,402,"10.1038/nn1961",3.29,3.93,5,3.53
"573","7/21/2017 17:34",2,135,403,"10.1038/srep21322",1.89,4.7,2.65,4.53
"574","7/21/2017 17:35",2,135,404,"10.1016/j.neuropharm.2017.05.003",1.79,1.98,0.76,3.84
"575","7/21/2017 17:36",2,97,405,"10.1037/amp0000059",1.74,2.36,3.87,0.18
"576","7/23/2017 18:37",2,158,406,"10.1016/j.neuroscience.2016.05.049",1.96,3.48,0.35,3.16
"577","7/23/2017 20:10",2,64,407,"10.1242/jeb.087452",2.22,4.79,3.52,3.71
"578","7/23/2017 20:11",2,64,407,"10.1242/jeb.087452",2.22,4.79,3.52,3.71
"579","7/23/2017 20:12",2,64,408,"10.1098/rstb.2011.0156",3.52,4.5,3.81,4.12
"580","7/24/2017 1:43",2,158,409,"10.1002/hipo.22475",2.99,4,3.49,2.76
"581","7/24/2017 2:50",2,158,410,"10.1210/en.2015-1616",3.18,3.79,3.29,2.86
"582","7/27/2017 3:12",2,72,411,"10.1118/1.4905376",0.56,1.26,3.19,1.14
"583","7/27/2017 3:34",2,72,412,"10.1109/iembs.2011.6090103",0.33,0.96,1.49,1.29
"584","7/27/2017 15:27",2,72,413,"10.1109/embc.2014.6943575",0.72,1.98,1.1,1.75
"585","7/27/2017 22:38",2,72,414,"10.1016/s0301-5629(97)00074-4",0.55,1.05,0.76,0.58
"586","7/27/2017 23:44",2,72,415,"10.1016/s0301-5629(02)00760-3",0.75,1.63,1.65,1.6
"587","7/28/2017 0:14",2,72,416,"10.1016/j.media.2013.03.006",0.66,1.73,1.6,1.75
"588","7/28/2017 0:28",2,72,417,"10.2174/1567270000704010036",0.27,0.43,0.46,1.62
"589","8/7/2017 8:03",2,45,418,"10.1111/j.1460-9568.1995.tb00662.x",1.32,5,0.55,5
"590","8/11/2017 14:52",2,1,419,"10.1038/nn.4613",0,3.85,0.05,2.49
"591","8/15/2017 13:00",2,45,420,"10.1006/anbe.1993.1094",1.31,5,2.29,4.35
"592","8/15/2017 15:44",2,45,421,"10.2307/1379772",0.58,1.48,0.91,4.32
"593","8/15/2017 18:10",2,45,422,"10.1007/bf00303070",4.27,4.48,2.72,4.44
"594","8/16/2017 8:49",2,45,423,"10.1038/srep27252",3.11,4.07,1.21,4.68
"595","8/16/2017 9:02",2,45,423,"10.1038/srep27252",3.21,2.5,1.17,4.91
"596","8/16/2017 10:12",2,45,424,"10.1016/0003-3472(67)90037-1",1.46,2.51,1.98,5
"597","8/18/2017 22:25",2,45,425,"10.1073/pnas.0912477107",5,3.63,5,3.58
"598","8/18/2017 22:27",2,45,426,"10.1073/pnas.1107365108",4.4,3.27,3.45,4.61
"599","8/19/2017 2:40",2,99,266,"10.1016/j.neuropharm.2017.04.022",1.4,0.76,3.48,1.95
"600","8/19/2017 9:02",2,45,427,"10.1038/ncomms5488",3.24,1.54,3.64,5
"601","8/19/2017 16:02",2,45,428,"10.1098/rspb.2001.1941",3.14,2.37,5,2.22
"602","8/19/2017 16:03",2,45,429,"10.1098/rsbl.2015.0525",4.47,2.46,3.93,4.55
"603","8/19/2017 18:38",2,45,430,"10.3389/fphys.2013.00248",1.43,2.37,5,4.22
"604","8/20/2017 8:51",2,45,431,"10.2307/1535934",1.1,2.63,4.47,5
"605","8/22/2017 6:24",2,45,432,"10.1007/s00265-005-0003-1",0.98,3.84,1.59,4.78
"606","8/22/2017 8:27",2,45,433,"10.1038/201544a0",1.18,3.74,2.34,4.03
"607","8/22/2017 9:22",2,45,434,"10.1002/jez.1401230304",1.02,2.58,4.13,5
"608","8/22/2017 12:52",2,45,435,"10.1038/nature02547",2.61,1.2,3.81,5
"609","8/22/2017 12:53",2,45,435,"10.1038/nature02547",2.67,1.2,3.98,5
"610","8/22/2017 13:05",2,120,436,"10.1016/j.tics.2005.08.011",4.88,4.85,4.55,2.815
"611","8/22/2017 18:06",2,45,437,"10.1121/1.395684",1.4,3.98,2.82,3.88
"612","8/23/2017 8:14",2,45,438,"10.1121/1.1528175",2.25,3.55,3.59,2.77
"613","8/23/2017 9:02",2,45,439,"10.1121/1.3519396",1.9,3.93,4.2,4.49
"614","8/25/2017 9:47",2,45,440,"10.1126/science.1202065",2.16,4.1,5,4.81
"615","8/25/2017 13:29",2,45,441,"10.1016/s0378-5955(03)00164-3",1.79,3.24,3.44,5
"616","8/25/2017 14:04",2,45,442,"10.1121/1.428283",2.92,2.36,1.73,4.26
"617","8/25/2017 18:41",2,23,443,"10.1038/nn.3650",2.61,3.69,3.36,4.54
"618","8/25/2017 18:46",2,23,444,"10.1126/science.1254432",1.22,4.16,3.48,2.98
"619","8/25/2017 21:09",2,99,35,"10.1038/nature08002",0.86,2.12,0.25,0.86
"620","8/28/2017 9:19",2,45,445,"10.2307/1381534",4.04,1.31,3.38,5
"621","8/29/2017 16:08",2,23,446,"10.1016/j.jphysparis.2016.10.005",1.43,3.06,2.77,5
"622","8/29/2017 16:10",2,23,447,"10.1152/jn.00576.2013",3.31,3.41,2.48,4.85
"623","8/31/2017 7:06",2,88,448,"10.1161/circulationaha.113.005925",2.95,4.13,3.58,3.11
"624","8/31/2017 7:15",2,88,449,"10.3945/ajcn.111.016667",2.91,4.1,3.34,3.91
